Id,Category
10002.png,5
10015.png,5
10021.png,5
10037.png,5
10040.png,5
10041.png,5
10045.png,5
10046.png,5
10056.png,5
10058.png,5
10065.png,6
10078.png,6
10082.png,6
10098.png,6
10101.png,6
10105.png,6
10112.png,6
10117.png,6
10121.png,6
10133.png,6
10135.png,6
10136.png,6
10137.png,6
10138.png,6
10139.png,6
10149.png,6
10165.png,6
10174.png,6
10177.png,6
10193.png,7
10199.png,7
10211.png,7
10215.png,7
10227.png,7
10228.png,7
10241.png,7
10245.png,1
10248.png,7
10250.png,7
10251.png,7
10262.png,7
10268.png,7
10275.png,0
10279.png,7
10284.png,7
10297.png,9
10305.png,7
10309.png,8
10316.png,8
10318.png,8
10319.png,8
10326.png,8
103277.png,0
103281.png,0
103309.png,0
103311.png,0
103322.png,0
103325.png,0
103340.png,0
103343.png,0
103358.png,0
103366.png,0
103369.png,0
103372.png,0
10338.png,8
103380.png,0
103386.png,0
103396.png,0
103398.png,0
103401.png,0
103404.png,0
10341.png,8
103414.png,0
10342.png,8
103421.png,0
103424.png,0
103425.png,0
103427.png,0
103439.png,0
10353.png,8
10362.png,8
103744.png,4
103756.png,6
103759.png,4
103768.png,4
10377.png,8
103772.png,4
103803.png,4
103810.png,4
103811.png,4
103814.png,2
103821.png,4
103825.png,4
103831.png,4
10392.png,8
10400.png,8
104016.png,7
104020.png,7
104022.png,6
104063.png,7
104064.png,7
10407.png,9
104073.png,7
104074.png,7
104081.png,7
104083.png,7
104091.png,7
104093.png,7
104097.png,7
104100.png,7
104121.png,8
104127.png,8
104129.png,8
10413.png,9
10418.png,9
104214.png,9
104216.png,9
10422.png,9
104263.png,9
10434.png,9
10436.png,9
10438.png,8
10441.png,9
10444.png,9
10452.png,9
10479.png,8
10484.png,9
10486.png,9
12286.png,0
12296.png,0
12305.png,0
12313.png,0
12314.png,0
12333.png,0
12346.png,0
12348.png,0
12350.png,0
12352.png,0
12358.png,0
12376.png,0
12385.png,0
12388.png,0
12391.png,0
12392.png,0
12405.png,1
12415.png,1
12427.png,1
12430.png,1
12436.png,1
12440.png,1
12443.png,1
12447.png,1
12450.png,1
12454.png,1
12459.png,1
12461.png,1
12464.png,1
12474.png,1
12481.png,1
12491.png,1
12500.png,1
12507.png,1
12508.png,1
12510.png,1
12535.png,2
12576.png,3
12581.png,2
12584.png,2
12587.png,3
12594.png,3
12601.png,3
12604.png,3
12621.png,3
12623.png,2
12625.png,3
12628.png,3
12635.png,2
12637.png,3
12638.png,3
12641.png,2
12647.png,3
12649.png,2
12652.png,7
12664.png,5
12665.png,6
12667.png,5
12670.png,5
12685.png,6
12703.png,6
12708.png,6
12710.png,7
12717.png,0
12719.png,7
12722.png,7
12729.png,7
12740.png,8
12744.png,8
12749.png,8
12751.png,8
12761.png,8
12762.png,8
12763.png,8
12765.png,8
12768.png,0
13438.png,0
13445.png,1
13446.png,1
13448.png,1
13459.png,1
13465.png,1
13478.png,2
13484.png,2
13486.png,2
13493.png,2
13495.png,2
13497.png,2
13498.png,2
13501.png,3
13509.png,3
13513.png,3
13517.png,3
13527.png,4
13535.png,4
13539.png,5
13545.png,5
13547.png,5
13549.png,7
13554.png,5
13561.png,6
13569.png,6
13585.png,7
13599.png,7
13604.png,8
13615.png,8
13616.png,8
13630.png,9
13632.png,9
13634.png,9
13639.png,9
18494.png,0
18506.png,0
18517.png,0
18528.png,0
18532.png,0
18534.png,0
18547.png,0
18549.png,0
18555.png,1
18560.png,1
18564.png,1
18577.png,1
18578.png,1
18579.png,1
18583.png,1
18590.png,1
18591.png,1
18593.png,1
18594.png,1
18601.png,1
18605.png,1
18615.png,1
18618.png,1
18622.png,1
18628.png,1
18634.png,1
18635.png,1
18653.png,2
18678.png,3
18682.png,2
18698.png,2
18699.png,2
18711.png,2
18716.png,2
18725.png,2
18740.png,2
18748.png,2
18751.png,2
18762.png,2
18782.png,3
18787.png,2
18803.png,3
18811.png,3
18812.png,3
18823.png,3
18824.png,3
18830.png,3
18834.png,3
18838.png,9
18864.png,4
18867.png,4
18881.png,4
18884.png,4
18888.png,4
18890.png,4
18900.png,4
18915.png,5
18916.png,5
18927.png,5
18942.png,5
18948.png,5
18956.png,5
18966.png,5
18969.png,5
18973.png,6
18974.png,3
18977.png,6
18986.png,6
18994.png,6
19005.png,6
19006.png,6
19024.png,6
19041.png,6
19048.png,6
19056.png,6
19058.png,6
19064.png,6
19066.png,6
19148.png,8
19156.png,8
19161.png,8
19164.png,8
19168.png,8
19169.png,8
19170.png,8
19173.png,8
19186.png,8
19188.png,8
19192.png,8
19199.png,8
19208.png,8
19217.png,8
22752.png,0
22760.png,0
22763.png,0
22771.png,1
22783.png,2
22788.png,2
22819.png,4
22822.png,4
22829.png,4
22832.png,4
22836.png,3
22845.png,5
22848.png,5
22853.png,5
22864.png,6
22873.png,3
22891.png,7
22902.png,8
22903.png,8
28805.png,0
28806.png,0
28818.png,0
28822.png,0
28824.png,0
28826.png,0
28831.png,0
28832.png,0
28833.png,0
28837.png,0
28838.png,0
28843.png,0
28852.png,0
28853.png,0
28858.png,0
28869.png,0
28871.png,0
28872.png,0
28875.png,0
28881.png,0
28884.png,0
28886.png,0
28889.png,0
28903.png,0
28907.png,0
28909.png,0
28922.png,0
28926.png,0
28934.png,0
28940.png,0
28941.png,0
28943.png,0
28949.png,0
28956.png,0
28959.png,1
28962.png,1
28970.png,9
28974.png,1
28986.png,1
28992.png,1
28997.png,1
28999.png,1
29002.png,1
29009.png,1
29010.png,1
29013.png,1
29017.png,1
29026.png,1
29031.png,1
29032.png,1
29062.png,1
29074.png,1
29082.png,1
29091.png,1
29101.png,1
29105.png,1
29120.png,1
29124.png,1
29128.png,1
29131.png,1
29137.png,1
29146.png,1
29169.png,1
29190.png,1
29193.png,1
29198.png,1
29211.png,6
29219.png,2
29223.png,2
29225.png,2
29226.png,2
29227.png,2
29244.png,2
29250.png,2
29265.png,2
29266.png,2
29274.png,2
29281.png,2
29284.png,2
29296.png,2
29297.png,2
29301.png,2
29303.png,2
29313.png,2
29332.png,2
29337.png,2
29338.png,2
29339.png,6
29344.png,2
29349.png,2
29352.png,3
29353.png,6
29375.png,2
29377.png,2
29396.png,3
29401.png,3
29410.png,3
29422.png,3
29425.png,3
29426.png,3
29430.png,3
29433.png,3
29443.png,3
29446.png,3
29468.png,3
29483.png,3
29491.png,3
29514.png,3
29533.png,3
29534.png,3
29535.png,3
29543.png,3
29544.png,3
29549.png,3
29555.png,3
29557.png,3
29565.png,3
29572.png,3
29584.png,3
29587.png,3
29589.png,3
29595.png,3
29600.png,3
29601.png,3
29602.png,3
29615.png,4
29617.png,4
29621.png,4
29635.png,4
29642.png,4
29647.png,4
29649.png,4
29667.png,4
29670.png,4
29683.png,4
29695.png,4
29699.png,4
29711.png,4
29716.png,4
29724.png,4
29726.png,4
29736.png,4
29738.png,4
29757.png,4
29769.png,4
29780.png,4
29782.png,4
29787.png,4
29789.png,4
29790.png,4
29792.png,4
29812.png,4
29814.png,4
29815.png,4
29818.png,4
29825.png,5
29828.png,5
29829.png,5
29837.png,5
29838.png,5
29843.png,5
29850.png,5
29861.png,5
29864.png,5
29879.png,5
29887.png,5
29894.png,5
29909.png,5
29918.png,5
29920.png,5
29922.png,5
29949.png,5
29962.png,5
29963.png,5
29968.png,5
29970.png,5
29972.png,5
29975.png,5
29984.png,5
29989.png,5
30000.png,6
30004.png,6
30006.png,6
30011.png,6
30012.png,6
30024.png,6
30025.png,6
30027.png,6
30028.png,6
30029.png,6
30035.png,6
30057.png,6
30059.png,9
30066.png,6
30067.png,6
30069.png,6
30072.png,6
30078.png,6
30080.png,6
30087.png,6
30090.png,6
30091.png,6
30097.png,6
30111.png,6
30120.png,6
30122.png,6
30124.png,6
30126.png,6
30130.png,6
30133.png,6
30136.png,6
30137.png,6
30144.png,6
30146.png,6
30147.png,6
30165.png,2
30167.png,6
30172.png,6
30175.png,6
30180.png,6
30187.png,6
30198.png,6
30230.png,7
30235.png,7
30245.png,7
30268.png,7
30281.png,7
30306.png,7
30309.png,7
30310.png,7
30328.png,7
30329.png,7
30336.png,5
30360.png,7
30363.png,7
30364.png,7
30377.png,7
30384.png,7
30388.png,7
30392.png,7
30397.png,7
30406.png,7
30408.png,7
30429.png,7
30432.png,7
30434.png,7
30441.png,7
30443.png,7
30447.png,7
30471.png,7
30475.png,8
30476.png,8
30493.png,8
30494.png,8
30509.png,8
30516.png,8
30521.png,8
30532.png,8
30536.png,8
30555.png,8
30558.png,8
30563.png,8
30564.png,8
30572.png,8
30573.png,8
30585.png,8
30587.png,8
30595.png,8
30598.png,8
30599.png,8
30601.png,8
30608.png,8
30614.png,8
30615.png,8
30620.png,8
30621.png,8
30623.png,8
30634.png,8
30635.png,8
30638.png,8
30640.png,8
30665.png,9
30667.png,9
30675.png,9
30703.png,9
30704.png,9
30709.png,9
30710.png,9
30712.png,9
30717.png,9
30729.png,9
30742.png,9
30750.png,9
30752.png,9
30753.png,9
30763.png,9
30769.png,9
30777.png,9
30781.png,9
30787.png,9
30789.png,9
30790.png,9
30794.png,9
30798.png,9
30803.png,9
30804.png,9
30808.png,9
30814.png,9
30819.png,9
30830.png,9
30846.png,9
30859.png,9
30897.png,9
39319.png,0
39328.png,0
39332.png,0
39341.png,0
39356.png,0
39357.png,0
39378.png,0
39388.png,0
39395.png,0
39402.png,0
39412.png,0
39413.png,0
39415.png,0
39420.png,0
39428.png,0
39430.png,0
39435.png,0
39438.png,0
39445.png,0
39457.png,0
39461.png,0
39467.png,0
39471.png,0
39474.png,0
39480.png,0
39484.png,0
39486.png,0
39488.png,0
39506.png,0
39507.png,0
39508.png,0
39512.png,0
39517.png,0
39538.png,0
39546.png,0
39554.png,0
39560.png,0
39562.png,0
39576.png,0
39581.png,0
39590.png,0
39592.png,0
39605.png,1
39607.png,1
39611.png,1
39613.png,1
39635.png,1
39638.png,1
39647.png,1
39651.png,1
39652.png,1
39656.png,1
39657.png,1
39658.png,1
39659.png,1
39669.png,1
39689.png,1
39704.png,1
39707.png,1
39708.png,1
39711.png,1
39717.png,1
39725.png,1
39726.png,1
39728.png,1
39729.png,1
39734.png,1
39740.png,1
39742.png,1
39745.png,1
39751.png,1
39753.png,1
39762.png,1
39768.png,1
39778.png,1
39783.png,1
39785.png,1
39789.png,1
39801.png,1
39804.png,1
39808.png,1
39809.png,1
39811.png,1
39813.png,1
39835.png,1
39836.png,1
39838.png,1
39845.png,1
39849.png,1
39854.png,1
39856.png,1
39868.png,1
39876.png,1
39882.png,8
39898.png,1
39913.png,1
39921.png,1
39922.png,1
39929.png,1
39949.png,1
39956.png,1
39967.png,2
39970.png,2
39979.png,2
39983.png,2
39988.png,2
40007.png,2
40010.png,2
40018.png,2
40022.png,2
40031.png,2
40033.png,2
40035.png,2
40040.png,2
40042.png,2
40077.png,2
40092.png,2
40097.png,2
40101.png,2
40106.png,2
40107.png,2
40109.png,2
40120.png,2
40142.png,2
40149.png,2
40150.png,2
40153.png,2
40158.png,2
40163.png,2
40164.png,2
40166.png,2
40168.png,2
40178.png,2
40179.png,2
40180.png,2
40188.png,2
40193.png,2
40199.png,2
40203.png,2
40204.png,2
40209.png,2
40217.png,2
40218.png,2
40226.png,2
40239.png,2
40251.png,5
40257.png,2
40264.png,2
40265.png,2
40266.png,2
40269.png,2
40276.png,2
40280.png,2
40286.png,2
40292.png,2
40297.png,2
40302.png,2
40311.png,2
40312.png,2
40323.png,2
40324.png,2
40334.png,2
40336.png,2
40354.png,3
40355.png,3
40356.png,3
40357.png,3
40365.png,3
40368.png,3
40374.png,3
40381.png,3
40388.png,3
40395.png,3
40397.png,3
40409.png,3
40410.png,3
40414.png,3
40433.png,3
40442.png,3
40463.png,3
40469.png,3
40498.png,3
40501.png,3
40517.png,3
40529.png,3
40534.png,3
40546.png,3
40547.png,3
40559.png,3
40566.png,3
40572.png,3
40583.png,3
40597.png,3
40604.png,3
40612.png,3
40618.png,3
40619.png,2
40620.png,3
40622.png,3
40627.png,3
40630.png,3
40637.png,3
40638.png,3
40640.png,3
40643.png,3
40648.png,3
40662.png,3
40663.png,3
40669.png,3
40689.png,3
40698.png,3
40724.png,2
40748.png,3
40750.png,3
40751.png,3
40753.png,3
40756.png,3
40758.png,1
40765.png,3
40779.png,3
40781.png,3
40782.png,3
40788.png,3
40801.png,3
40830.png,4
40832.png,4
40833.png,4
40834.png,4
40844.png,4
40845.png,4
40846.png,4
40852.png,4
40856.png,4
40860.png,4
40862.png,4
40868.png,4
40870.png,4
40885.png,4
40891.png,4
40892.png,4
40899.png,4
40900.png,4
40908.png,4
40913.png,4
40914.png,4
40916.png,4
40921.png,4
40922.png,4
40924.png,4
40925.png,4
40933.png,4
40939.png,4
40946.png,4
40947.png,4
40951.png,4
40952.png,4
40957.png,4
40975.png,4
40994.png,4
40996.png,4
41008.png,4
41012.png,4
41017.png,4
41020.png,4
41025.png,4
41032.png,4
41036.png,4
41050.png,4
41052.png,4
41061.png,4
41062.png,4
41070.png,4
41072.png,4
41076.png,4
41080.png,4
41081.png,4
41087.png,4
41092.png,4
41103.png,4
41104.png,4
41114.png,4
41116.png,4
41117.png,4
41122.png,5
41125.png,5
41131.png,5
41138.png,5
41140.png,5
41153.png,5
41157.png,5
41160.png,5
41167.png,5
41179.png,5
41184.png,5
41194.png,5
41200.png,5
41214.png,5
41229.png,5
41232.png,5
41238.png,5
41243.png,5
41247.png,5
41254.png,5
41264.png,5
41266.png,5
41267.png,5
41268.png,5
41273.png,5
41277.png,5
41317.png,5
41322.png,5
41329.png,5
41340.png,5
41346.png,5
41351.png,5
41356.png,5
41357.png,5
41359.png,5
41360.png,5
41363.png,5
41371.png,5
41372.png,5
41382.png,5
41384.png,3
41403.png,5
41413.png,5
41417.png,5
41426.png,5
41435.png,5
41436.png,5
41447.png,5
41464.png,5
41474.png,5
41489.png,5
41494.png,6
41495.png,6
41498.png,6
41505.png,6
41513.png,6
41525.png,6
41548.png,6
41561.png,6
41562.png,6
41566.png,6
41570.png,6
41572.png,6
41577.png,6
41588.png,6
41589.png,6
41590.png,6
41592.png,6
41593.png,6
41594.png,6
41601.png,6
41602.png,6
41607.png,6
41608.png,6
41610.png,6
41611.png,6
41615.png,6
41616.png,6
41618.png,6
41632.png,6
41642.png,6
41645.png,6
41649.png,6
41651.png,6
41660.png,6
41675.png,6
41685.png,6
41688.png,6
41694.png,6
41700.png,6
41704.png,6
41713.png,6
41716.png,6
41722.png,6
41724.png,6
41734.png,6
41737.png,6
41739.png,6
41744.png,6
41747.png,6
41753.png,6
41756.png,6
41765.png,6
41768.png,6
41770.png,6
41775.png,7
41783.png,7
41785.png,7
41787.png,7
41805.png,7
41811.png,7
41813.png,7
41832.png,7
41833.png,7
41836.png,7
41838.png,7
41862.png,7
41866.png,7
41871.png,7
41879.png,7
41882.png,7
41886.png,7
41899.png,7
41902.png,7
41915.png,7
41925.png,7
41927.png,7
41944.png,7
41946.png,7
41947.png,7
41958.png,7
41963.png,7
41982.png,7
41985.png,7
41994.png,7
42010.png,7
42019.png,7
42022.png,7
42027.png,8
42029.png,8
42033.png,8
42037.png,8
42039.png,8
42056.png,8
42060.png,8
42065.png,8
42070.png,8
42072.png,8
42086.png,8
42088.png,8
42094.png,8
42095.png,8
42115.png,8
42119.png,8
42120.png,8
42128.png,8
42130.png,8
42139.png,8
42157.png,8
42159.png,8
42162.png,8
42164.png,8
42169.png,8
42171.png,8
42178.png,8
42182.png,8
42191.png,8
42203.png,8
42210.png,8
42219.png,8
42222.png,8
42226.png,3
42227.png,8
42242.png,9
42253.png,9
42265.png,9
42280.png,9
42282.png,9
42283.png,9
42287.png,9
42293.png,9
42304.png,9
42310.png,9
42312.png,9
42316.png,9
42329.png,9
42330.png,9
42331.png,9
42332.png,9
42337.png,9
42345.png,9
42349.png,9
42350.png,9
42351.png,9
42355.png,9
42369.png,9
42374.png,9
42382.png,9
42399.png,9
42414.png,9
42416.png,9
42421.png,9
42430.png,9
42435.png,9
42440.png,9
42457.png,9
42459.png,9
42476.png,9
42477.png,9
42482.png,9
42487.png,9
42500.png,9
42503.png,9
42505.png,9
42507.png,9
42510.png,9
42511.png,9
43494.png,0
43501.png,0
43505.png,0
43506.png,0
43507.png,0
43508.png,0
43512.png,0
43517.png,0
43519.png,0
43558.png,1
43563.png,1
43565.png,1
43566.png,1
43570.png,1
43579.png,1
43580.png,1
43583.png,3
43584.png,1
43590.png,2
43597.png,3
43602.png,2
43603.png,3
43610.png,2
43624.png,2
43625.png,2
43632.png,2
43634.png,2
43642.png,3
43646.png,2
43651.png,3
43657.png,6
43669.png,3
43676.png,3
43678.png,3
43681.png,2
43682.png,2
43696.png,4
43701.png,4
43705.png,4
43714.png,4
43715.png,4
43726.png,4
43729.png,4
43736.png,4
43740.png,4
43742.png,4
43772.png,5
43773.png,5
43803.png,6
43805.png,6
43831.png,6
43847.png,7
43863.png,7
43871.png,7
43873.png,7
43878.png,7
43881.png,7
43882.png,7
43911.png,8
43914.png,8
43927.png,8
43929.png,8
43932.png,8
44585.png,1
44593.png,2
44596.png,3
44597.png,4
44600.png,2
44611.png,7
44637.png,2
44641.png,7
44663.png,3
44671.png,3
44676.png,3
44689.png,4
44698.png,4
44700.png,4
44711.png,5
44715.png,6
44718.png,6
44742.png,7
44744.png,7
44746.png,7
44747.png,7
44753.png,7
44763.png,8
44776.png,9
44778.png,9
44787.png,9
4574.png,0
4584.png,0
4593.png,0
4594.png,0
4600.png,0
4608.png,0
4609.png,0
4617.png,0
4636.png,0
4637.png,0
4641.png,0
4645.png,0
4657.png,0
4665.png,7
4667.png,0
4670.png,0
4678.png,0
4689.png,0
4698.png,0
4701.png,0
4711.png,0
4715.png,0
4716.png,0
4723.png,0
4750.png,1
4751.png,1
4753.png,1
4763.png,1
4764.png,1
4766.png,1
4770.png,1
4778.png,1
4791.png,1
4797.png,6
4809.png,1
4810.png,1
4811.png,1
4817.png,6
4825.png,1
4831.png,1
4832.png,1
4833.png,1
4836.png,1
4854.png,1
4855.png,1
4862.png,1
4864.png,1
4881.png,1
4887.png,3
4909.png,2
4913.png,3
4916.png,2
4921.png,2
49215.png,0
49222.png,0
49229.png,0
49252.png,0
49265.png,0
49267.png,0
49271.png,0
49276.png,0
49288.png,0
49293.png,0
49303.png,0
49307.png,0
49312.png,0
49315.png,0
49320.png,1
49329.png,1
4933.png,2
49335.png,1
49340.png,1
49350.png,1
49356.png,1
49361.png,1
49374.png,1
49378.png,1
49382.png,1
49388.png,1
49391.png,1
49405.png,1
49416.png,1
49419.png,1
49423.png,1
49426.png,1
49436.png,1
49461.png,2
49464.png,2
49476.png,2
49479.png,0
49480.png,5
49493.png,3
49502.png,2
49521.png,2
49535.png,2
49537.png,2
49539.png,2
49542.png,2
49557.png,6
49558.png,3
49563.png,2
49571.png,3
49579.png,2
49584.png,2
49595.png,3
49600.png,2
49604.png,3
49609.png,2
4961.png,6
49611.png,2
49614.png,3
49621.png,3
49624.png,4
49635.png,4
49638.png,4
49645.png,1
49647.png,4
49661.png,4
49679.png,4
49682.png,4
49685.png,4
49693.png,4
4971.png,2
49710.png,5
49719.png,5
49722.png,5
49739.png,5
4974.png,2
49741.png,5
49746.png,5
49762.png,5
49771.png,5
49779.png,5
49782.png,5
49783.png,5
49787.png,5
49788.png,5
49793.png,5
49804.png,6
49809.png,6
49811.png,6
49816.png,6
49830.png,6
4984.png,2
4986.png,2
49880.png,1
49892.png,6
49900.png,0
49917.png,7
4992.png,2
49920.png,7
49924.png,7
4993.png,2
49936.png,7
49944.png,7
49951.png,7
49954.png,7
49957.png,7
49961.png,7
49962.png,7
49967.png,7
4997.png,3
49974.png,8
49993.png,8
50004.png,8
50027.png,8
5004.png,2
50048.png,8
50049.png,8
50055.png,8
50063.png,9
50064.png,9
50077.png,9
50082.png,9
50095.png,9
5010.png,2
50101.png,9
50106.png,9
5012.png,8
50120.png,9
50121.png,9
5013.png,2
5017.png,2
5035.png,2
5036.png,2
5041.png,2
5043.png,2
5057.png,2
5067.png,2
5070.png,2
50779.png,0
50803.png,1
50812.png,6
50821.png,2
50824.png,1
50826.png,2
50827.png,2
50831.png,2
50834.png,2
50835.png,3
50838.png,2
50847.png,4
5085.png,3
50864.png,4
50869.png,5
50876.png,5
50879.png,4
5088.png,2
50882.png,4
50888.png,6
50897.png,6
5090.png,6
50901.png,6
50903.png,6
50904.png,6
50906.png,7
50912.png,7
50915.png,7
50917.png,7
50922.png,7
50930.png,8
50933.png,8
50935.png,8
5096.png,2
5102.png,2
5104.png,2
5107.png,3
5108.png,3
5110.png,2
5112.png,3
5126.png,3
5127.png,3
5141.png,6
5143.png,3
5151.png,6
5155.png,3
5159.png,3
5165.png,3
5174.png,3
5177.png,3
5181.png,3
5184.png,2
5220.png,3
5233.png,3
5242.png,2
5245.png,3
5246.png,3
5251.png,3
5261.png,4
5264.png,6
5273.png,4
5286.png,8
5291.png,4
5301.png,4
53034.png,0
53038.png,0
5304.png,4
53040.png,0
53042.png,0
53047.png,0
53053.png,0
53054.png,0
53056.png,0
53057.png,0
53062.png,9
53066.png,1
53087.png,1
5309.png,3
53110.png,2
53116.png,3
53121.png,3
53131.png,3
53143.png,4
53148.png,4
53149.png,4
53160.png,4
53164.png,4
53167.png,4
53168.png,5
53204.png,7
53210.png,6
53211.png,7
53213.png,7
53218.png,7
53230.png,7
53239.png,7
53242.png,7
53250.png,7
53251.png,6
53252.png,7
53261.png,8
53266.png,8
5327.png,4
53281.png,8
53284.png,9
53285.png,9
53287.png,9
53296.png,9
53298.png,9
53302.png,9
53303.png,4
53307.png,9
5333.png,4
5376.png,4
5381.png,8
5393.png,5
5396.png,4
5398.png,4
5401.png,4
5413.png,5
5414.png,5
5421.png,2
5422.png,5
5426.png,5
5435.png,5
5436.png,3
5437.png,5
5445.png,5
5453.png,5
5454.png,5
5469.png,5
5483.png,5
5486.png,5
5495.png,5
5511.png,5
5527.png,5
5532.png,5
5539.png,5
5544.png,5
5547.png,3
5548.png,4
5557.png,6
5561.png,6
5571.png,2
5572.png,6
5580.png,6
5581.png,6
5587.png,2
5595.png,6
5598.png,6
5600.png,8
5603.png,6
5607.png,6
56106.png,1
56118.png,1
56120.png,1
56127.png,1
5613.png,7
56132.png,1
56133.png,1
56143.png,1
56144.png,1
56155.png,1
56164.png,1
56165.png,1
56171.png,1
56181.png,1
5619.png,6
56201.png,2
56207.png,2
56208.png,2
56222.png,2
56233.png,2
56236.png,2
56237.png,2
56241.png,2
56244.png,2
56246.png,2
5625.png,6
56260.png,2
56267.png,2
56268.png,2
56271.png,2
56283.png,3
56287.png,3
56295.png,3
56298.png,3
56302.png,3
56306.png,3
56307.png,3
5631.png,6
56311.png,3
56312.png,3
56334.png,2
56337.png,3
56349.png,3
56357.png,3
56362.png,4
56390.png,4
56391.png,4
56402.png,4
56405.png,4
56406.png,4
56413.png,4
56426.png,4
56434.png,4
56444.png,4
56451.png,4
56455.png,4
5646.png,2
56464.png,4
56479.png,4
56481.png,4
56489.png,5
56498.png,5
56509.png,5
56516.png,5
56517.png,5
56531.png,5
56532.png,5
56540.png,5
56544.png,5
56545.png,5
56550.png,5
56551.png,5
56557.png,5
56559.png,5
56568.png,6
56582.png,6
56600.png,6
56604.png,6
56619.png,6
56627.png,5
5664.png,6
56647.png,7
56650.png,7
56658.png,7
56672.png,7
56673.png,7
56677.png,7
5668.png,6
56686.png,7
56687.png,7
56689.png,7
56699.png,8
56700.png,8
56710.png,8
56712.png,8
56736.png,8
56778.png,9
56779.png,9
56781.png,9
56794.png,9
56806.png,9
56811.png,4
56812.png,9
56815.png,9
56816.png,9
56822.png,9
56825.png,9
56844.png,9
56845.png,9
5709.png,7
5712.png,7
5713.png,0
5722.png,7
5730.png,7
5735.png,7
5750.png,7
5754.png,7
5755.png,7
5759.png,7
5760.png,7
5763.png,7
5764.png,7
5771.png,7
5794.png,7
5796.png,7
5811.png,7
5814.png,5
5815.png,7
5819.png,7
5822.png,8
5823.png,8
5826.png,0
5835.png,8
5842.png,8
5843.png,8
5858.png,8
5859.png,8
5871.png,8
5875.png,8
5896.png,8
5904.png,8
5905.png,8
5914.png,8
5926.png,8
5929.png,8
5932.png,8
5940.png,8
66546.png,0
66553.png,0
66556.png,0
66558.png,0
66560.png,0
66574.png,0
66576.png,0
66584.png,0
66587.png,0
66598.png,0
66614.png,0
66629.png,0
66636.png,0
66644.png,0
66646.png,0
66648.png,0
66649.png,0
66651.png,0
66658.png,0
66668.png,0
66670.png,0
66672.png,0
66673.png,0
66682.png,0
66690.png,1
66693.png,1
66694.png,1
66700.png,1
66707.png,1
66716.png,1
66719.png,1
66720.png,1
66726.png,1
66745.png,1
66748.png,1
66751.png,1
66756.png,1
66765.png,1
66774.png,1
66779.png,1
66787.png,1
66798.png,1
66800.png,1
66811.png,1
66814.png,1
66822.png,1
66830.png,1
66839.png,1
66847.png,1
66848.png,1
66851.png,1
66856.png,1
66862.png,1
66864.png,2
66865.png,2
66872.png,2
66878.png,2
66887.png,2
66888.png,2
66899.png,2
66900.png,2
66905.png,2
66907.png,2
66908.png,2
66929.png,2
66930.png,2
66934.png,2
66944.png,2
66950.png,2
66952.png,2
66953.png,2
66964.png,2
66982.png,2
66989.png,2
66991.png,2
66992.png,2
66993.png,2
66996.png,2
67005.png,2
67011.png,2
67012.png,2
67018.png,2
67025.png,2
67042.png,3
67043.png,3
67062.png,3
67075.png,3
67082.png,3
67084.png,3
67089.png,6
67090.png,3
67091.png,3
67096.png,3
67107.png,3
67116.png,3
67124.png,3
67126.png,3
67148.png,3
67149.png,3
67153.png,3
67154.png,3
67159.png,3
67172.png,3
67174.png,3
67175.png,3
67180.png,3
67196.png,3
67204.png,3
67205.png,3
67208.png,3
67215.png,3
67226.png,3
67229.png,3
67230.png,3
67240.png,3
67257.png,3
67266.png,3
67268.png,3
67276.png,4
67293.png,4
67295.png,4
67310.png,4
67311.png,4
67314.png,4
67325.png,4
67336.png,4
67339.png,4
67347.png,4
67352.png,4
67355.png,4
67365.png,4
67373.png,4
67375.png,4
67385.png,4
67387.png,4
67388.png,4
67391.png,4
67392.png,4
67412.png,4
67417.png,4
67427.png,4
67428.png,4
67430.png,5
67437.png,5
67445.png,5
67452.png,5
67456.png,5
67459.png,5
67462.png,5
67463.png,5
67473.png,5
67475.png,5
67480.png,5
67483.png,5
67490.png,4
67491.png,5
67496.png,5
67506.png,5
67521.png,5
67523.png,5
67532.png,5
67534.png,5
67559.png,5
67561.png,5
67567.png,5
67569.png,5
67575.png,5
67581.png,5
67597.png,5
67608.png,5
67614.png,5
67619.png,5
67620.png,5
67636.png,5
67651.png,5
67652.png,5
67656.png,5
67674.png,5
67682.png,5
67683.png,5
67695.png,6
67702.png,6
67706.png,6
67707.png,6
67709.png,6
67710.png,6
67717.png,6
67721.png,6
67726.png,6
67733.png,6
67745.png,6
67757.png,6
67760.png,6
67764.png,6
67771.png,6
67782.png,6
67784.png,6
67786.png,6
67787.png,6
67792.png,6
67796.png,7
67797.png,6
67804.png,6
67807.png,6
6781.png,0
67812.png,6
67815.png,6
67816.png,6
67822.png,6
67824.png,6
67825.png,7
67838.png,6
67853.png,6
67863.png,6
67873.png,6
67901.png,6
67908.png,6
67919.png,6
67921.png,6
67922.png,6
67928.png,6
67932.png,6
67938.png,6
67939.png,6
67959.png,7
67963.png,7
67983.png,7
67989.png,7
67995.png,7
67996.png,7
68000.png,7
68001.png,7
68010.png,7
68016.png,7
68022.png,7
68024.png,7
68038.png,7
68040.png,7
68045.png,7
6805.png,0
68060.png,7
68062.png,7
68064.png,7
68081.png,7
68093.png,7
68111.png,7
68113.png,7
68114.png,7
68119.png,7
68121.png,7
68131.png,7
68132.png,7
68136.png,7
68138.png,7
68140.png,7
68171.png,7
68184.png,7
6819.png,0
68190.png,7
68202.png,7
68226.png,8
6823.png,0
68231.png,8
68232.png,8
68235.png,8
68238.png,8
6824.png,0
68244.png,8
68248.png,8
68250.png,8
68252.png,8
68257.png,8
68260.png,8
68261.png,8
68263.png,8
68269.png,8
68277.png,8
68280.png,8
68298.png,8
68300.png,8
68302.png,8
68313.png,8
68321.png,8
68330.png,8
68332.png,8
68335.png,8
68339.png,8
68344.png,8
68347.png,8
68348.png,8
68377.png,8
68383.png,8
68386.png,8
68391.png,8
68393.png,8
68396.png,8
6840.png,1
68403.png,8
68407.png,8
6841.png,1
68412.png,8
68415.png,8
6842.png,1
68422.png,8
68427.png,8
68438.png,8
68443.png,8
68451.png,8
68453.png,8
68454.png,8
68460.png,8
68463.png,8
68469.png,8
6847.png,1
68478.png,8
68481.png,8
68483.png,8
68489.png,8
68499.png,8
68510.png,9
68519.png,9
68520.png,9
68524.png,9
68527.png,9
6853.png,1
68538.png,9
6854.png,4
68544.png,9
68548.png,9
6855.png,1
68551.png,9
68555.png,9
6857.png,1
68574.png,9
68593.png,9
68600.png,9
68612.png,9
68618.png,9
68619.png,9
6862.png,1
68622.png,9
68625.png,9
68629.png,9
68637.png,9
68644.png,9
68651.png,9
68661.png,9
68680.png,9
68726.png,9
6873.png,1
68736.png,9
68749.png,9
6876.png,1
68769.png,9
68770.png,9
68771.png,9
68773.png,9
68778.png,9
6878.png,9
68780.png,9
6891.png,1
6898.png,1
6899.png,1
6900.png,1
69082.png,1
69098.png,2
6910.png,3
69103.png,2
69108.png,3
69118.png,4
69120.png,4
69126.png,5
6914.png,2
69140.png,7
69147.png,7
6915.png,2
69151.png,8
69162.png,9
69163.png,9
6928.png,2
6938.png,2
6943.png,2
6948.png,2
6958.png,2
6963.png,3
6968.png,2
6974.png,3
6981.png,2
6982.png,2
6987.png,3
6994.png,3
7012.png,3
7014.png,3
7017.png,2
7021.png,4
7040.png,4
7044.png,4
7045.png,4
70515.png,1
70523.png,1
7054.png,4
7061.png,4
7089.png,5
7093.png,3
7095.png,2
7096.png,5
7103.png,2
71218.png,1
71224.png,2
71233.png,2
71236.png,2
71237.png,6
71239.png,2
71244.png,4
71249.png,3
71252.png,3
71254.png,3
71264.png,4
71267.png,4
7127.png,6
71273.png,4
71275.png,6
71276.png,4
71295.png,5
71297.png,5
71301.png,6
7131.png,6
71319.png,6
71322.png,6
71324.png,7
71341.png,8
71349.png,8
7135.png,6
71350.png,8
7152.png,6
7154.png,6
7166.png,6
7169.png,6
7174.png,7
7179.png,7
7181.png,7
7186.png,7
7189.png,7
7190.png,7
7193.png,7
7194.png,7
7196.png,7
7201.png,7
7219.png,7
7220.png,7
7221.png,8
7239.png,8
7246.png,8
7263.png,9
7273.png,9
7274.png,9
7279.png,6
7303.png,9
7308.png,9
7310.png,9
7311.png,9
7325.png,9
7332.png,9
7335.png,9
7338.png,9
7346.png,9
7352.png,9
7357.png,9
7359.png,9
7371.png,9
7372.png,9
7373.png,9
7378.png,9
7385.png,6
7388.png,9
7391.png,9
7394.png,9
7396.png,9
7405.png,9
7427.png,9
7428.png,9
7434.png,9
7436.png,9
7437.png,9
7439.png,9
7440.png,9
7446.png,9
7456.png,9
7458.png,9
7459.png,9
7469.png,9
7476.png,8
7495.png,9
7506.png,9
7509.png,9
7513.png,9
7522.png,9
7528.png,9
7531.png,9
76187.png,0
76212.png,0
76235.png,0
76251.png,0
76255.png,0
76300.png,0
76303.png,0
76309.png,0
76312.png,0
76315.png,0
76319.png,0
76329.png,0
76332.png,0
76333.png,0
76337.png,0
76358.png,0
76365.png,1
76366.png,1
76375.png,1
76380.png,1
76384.png,1
76431.png,1
76434.png,1
76454.png,1
76465.png,1
76470.png,1
76474.png,1
76475.png,1
76478.png,1
76485.png,1
76498.png,1
76502.png,1
76503.png,1
76520.png,1
76533.png,1
76537.png,1
76551.png,6
76558.png,1
76570.png,1
76572.png,9
76586.png,1
76587.png,1
76589.png,1
76590.png,1
76591.png,1
76597.png,1
76599.png,1
76618.png,1
76621.png,1
76627.png,1
76640.png,1
76644.png,1
76650.png,1
76651.png,1
76659.png,1
76740.png,2
76744.png,2
76752.png,2
76754.png,2
76755.png,2
76758.png,2
76760.png,2
76761.png,2
76765.png,2
76776.png,2
76779.png,2
76785.png,2
76786.png,3
76787.png,2
76802.png,2
76814.png,2
76815.png,2
76818.png,3
76823.png,3
76835.png,4
76856.png,2
76866.png,2
76870.png,2
76876.png,1
76877.png,2
76879.png,4
76905.png,2
76910.png,2
76912.png,2
76914.png,2
76924.png,2
76931.png,2
76932.png,2
76938.png,3
76940.png,2
76944.png,2
76955.png,2
76965.png,2
77005.png,3
77013.png,2
77049.png,3
77050.png,2
77052.png,3
77058.png,3
77063.png,3
77064.png,3
77065.png,3
77073.png,3
77075.png,3
77076.png,3
77092.png,3
77097.png,3
77101.png,3
77119.png,3
77126.png,3
77128.png,3
77130.png,3
77134.png,2
77145.png,7
77149.png,3
77152.png,6
77161.png,3
77171.png,3
77178.png,3
77185.png,3
77190.png,4
77194.png,3
77200.png,3
77213.png,3
77216.png,3
77218.png,3
77219.png,3
77230.png,3
77238.png,3
77247.png,3
77254.png,3
77260.png,3
77268.png,9
77272.png,7
77285.png,2
77294.png,3
77297.png,3
77300.png,3
77303.png,3
77309.png,3
77313.png,3
77358.png,4
77374.png,4
77375.png,4
77383.png,4
77384.png,4
77385.png,4
77386.png,4
77394.png,4
77404.png,4
77405.png,4
77408.png,4
77414.png,4
77421.png,4
77426.png,4
77428.png,4
77431.png,4
77463.png,4
77469.png,4
77471.png,4
77474.png,4
77496.png,4
77499.png,4
77503.png,4
77505.png,4
77506.png,5
77514.png,4
77528.png,4
77532.png,4
77540.png,4
77546.png,4
77547.png,4
77550.png,3
77551.png,7
77556.png,3
77559.png,4
77562.png,4
77581.png,4
77587.png,4
77590.png,4
77598.png,4
77611.png,4
77623.png,4
77634.png,4
77637.png,4
77638.png,4
77650.png,4
77652.png,6
77654.png,6
77661.png,4
77663.png,4
77666.png,4
77671.png,4
77672.png,4
77680.png,4
77693.png,4
77698.png,4
77719.png,5
77727.png,5
77729.png,5
77735.png,5
77739.png,5
77744.png,3
77748.png,5
77752.png,5
77763.png,5
77774.png,5
77778.png,3
77791.png,5
77793.png,6
77800.png,6
77804.png,5
77809.png,5
77820.png,5
77823.png,6
77828.png,5
77830.png,5
77832.png,5
77842.png,6
77843.png,5
77849.png,5
77854.png,5
77856.png,5
77863.png,5
77870.png,5
77873.png,5
77881.png,5
77884.png,5
77887.png,5
77891.png,5
77903.png,5
77910.png,5
77921.png,1
77926.png,5
77930.png,5
77935.png,2
77944.png,5
77945.png,5
77955.png,5
77959.png,5
77962.png,5
77974.png,5
77978.png,5
77984.png,5
77999.png,5
78004.png,5
78005.png,5
78007.png,5
78010.png,5
78016.png,5
78022.png,5
78033.png,5
78035.png,5
78040.png,6
78049.png,6
78055.png,6
78056.png,6
78057.png,6
78063.png,6
78070.png,6
78075.png,6
78099.png,6
78101.png,6
78102.png,6
78103.png,6
78109.png,6
78110.png,6
78111.png,6
78118.png,6
78120.png,6
78122.png,6
78124.png,6
78126.png,6
78128.png,6
78135.png,6
78141.png,6
78148.png,6
78150.png,6
78158.png,6
78161.png,6
78163.png,1
78166.png,6
78169.png,6
78177.png,6
78184.png,5
78186.png,6
78195.png,7
78211.png,7
78215.png,7
78216.png,7
78219.png,7
78228.png,7
78242.png,7
78247.png,7
78249.png,7
78252.png,7
78267.png,7
78280.png,7
78285.png,7
78287.png,7
78312.png,7
78313.png,7
78314.png,7
78315.png,7
78318.png,7
78325.png,7
78328.png,7
78332.png,7
78334.png,7
78338.png,7
78343.png,7
78350.png,7
78351.png,7
78357.png,7
78362.png,7
78365.png,7
78370.png,7
78374.png,7
78378.png,7
78401.png,5
78408.png,7
78415.png,7
78417.png,7
78437.png,7
78443.png,7
78465.png,7
78471.png,7
78479.png,6
78481.png,7
78488.png,7
78490.png,7
78491.png,7
78510.png,7
78516.png,7
78523.png,7
78524.png,7
78531.png,7
78543.png,7
78545.png,7
78551.png,7
78554.png,7
78556.png,7
78561.png,7
78567.png,8
78571.png,8
78582.png,8
78583.png,8
78587.png,8
78589.png,8
78597.png,8
78599.png,8
78606.png,8
78607.png,8
78613.png,8
78630.png,8
78631.png,8
78634.png,8
78641.png,8
78647.png,8
78653.png,8
78655.png,0
78669.png,8
78672.png,8
78677.png,8
78678.png,8
78692.png,8
78694.png,8
78700.png,8
78724.png,8
78746.png,8
78752.png,8
78764.png,5
78765.png,8
78767.png,8
78782.png,8
78785.png,8
78798.png,8
78801.png,8
78813.png,8
78817.png,8
78820.png,8
78834.png,8
78835.png,8
78836.png,8
78844.png,8
78855.png,8
78861.png,8
78862.png,8
78864.png,8
78866.png,8
78867.png,8
78869.png,8
78873.png,8
78885.png,8
78890.png,8
78894.png,8
78904.png,8
78908.png,8
78918.png,8
78920.png,8
78942.png,9
78944.png,9
78947.png,9
78953.png,9
78960.png,9
78961.png,9
78966.png,9
78967.png,9
78969.png,9
78983.png,9
78992.png,9
78997.png,9
79008.png,9
79015.png,9
79025.png,9
79030.png,9
79034.png,6
79035.png,9
79049.png,9
79052.png,9
79053.png,9
79054.png,9
79056.png,9
79061.png,9
79068.png,0
79069.png,9
79073.png,6
79074.png,9
79081.png,9
79089.png,9
79093.png,9
79097.png,9
79103.png,6
79111.png,9
85646.png,0
85651.png,0
85652.png,0
85656.png,0
85657.png,0
85658.png,0
85659.png,0
85715.png,2
85721.png,6
85729.png,7
85741.png,6
86539.png,4
86543.png,4
86546.png,4
86557.png,3
86559.png,5
86562.png,2
86574.png,6
86591.png,1
86595.png,7
86599.png,7
86601.png,7
86605.png,7
86610.png,5
86621.png,9
86636.png,9
86637.png,9
86638.png,9
89368.png,0
89378.png,0
89381.png,0
89383.png,0
89385.png,0
89414.png,0
89418.png,0
89423.png,0
89434.png,0
89437.png,9
89446.png,0
89450.png,0
89452.png,0
89460.png,0
89465.png,0
89738.png,4
89758.png,4
89759.png,4
89773.png,4
89774.png,4
89775.png,4
89791.png,4
89794.png,4
89799.png,4
89804.png,4
89808.png,4
89810.png,4
89816.png,4
89818.png,4
89821.png,4
89824.png,5
89826.png,5
89832.png,5
89835.png,5
89843.png,5
89849.png,5
89853.png,5
89879.png,5
89881.png,5
89882.png,5
89885.png,5
89890.png,5
89895.png,5
89902.png,3
89906.png,5
89910.png,5
89930.png,6
89932.png,6
89933.png,3
89939.png,6
89944.png,6
89950.png,6
89956.png,6
89977.png,3
89982.png,6
89987.png,6
89990.png,7
89991.png,7
89993.png,7
89997.png,7
90000.png,7
90016.png,7
90025.png,7
90031.png,7
90034.png,7
90039.png,7
90043.png,7
90047.png,7
90060.png,8
90065.png,8
90069.png,8
90082.png,8
90091.png,8
90093.png,8
90104.png,8
90113.png,8
90117.png,8
90118.png,8
90124.png,8
90132.png,9
90135.png,9
90136.png,9
90141.png,9
90156.png,9
90171.png,9
90189.png,9
90198.png,9
90199.png,9
91474.png,0
91475.png,0
91478.png,0
91482.png,0
91484.png,0
91486.png,0
91561.png,4
91562.png,4
91565.png,4
91574.png,4
91588.png,5
91604.png,6
91606.png,6
91631.png,7
91635.png,7
91637.png,7
91640.png,7
91642.png,8
91645.png,8
91654.png,8
91662.png,9
91665.png,9
91674.png,9
92392.png,0
92483.png,4
92499.png,4
92500.png,4
92503.png,4
92513.png,5
92514.png,5
92519.png,5
92541.png,6
92547.png,6
92553.png,6
92555.png,7
92565.png,7
92570.png,7
92571.png,7
92577.png,7
92578.png,0
92584.png,8
92594.png,8
92596.png,8
92601.png,8
92603.png,9
92615.png,9
9487.png,0
9493.png,0
9499.png,0
9500.png,0
9502.png,0
9503.png,0
9529.png,0
9531.png,0
9545.png,0
9553.png,0
9559.png,0
9567.png,0
9575.png,0
9577.png,0
9579.png,0
9580.png,0
9582.png,0
9587.png,0
9594.png,1
9597.png,1
9602.png,1
9624.png,1
9648.png,1
9649.png,1
9659.png,1
9663.png,1
9665.png,1
9675.png,1
9694.png,2
9698.png,2
9699.png,2
9702.png,2
9705.png,2
9707.png,2
9712.png,2
9735.png,2
9738.png,2
9739.png,2
9741.png,2
9745.png,3
9746.png,2
9750.png,2
9752.png,3
9758.png,3
9765.png,2
9769.png,2
9774.png,2
9786.png,5
9791.png,3
9792.png,3
9795.png,6
9801.png,2
9809.png,3
9817.png,3
9831.png,3
9839.png,2
9852.png,3
9858.png,2
9859.png,3
9860.png,5
9869.png,3
9877.png,3
9879.png,3
9909.png,4
9911.png,4
9914.png,4
99174.png,6
99184.png,6
99192.png,6
99195.png,6
99203.png,9
99214.png,6
99220.png,6
99237.png,6
99248.png,6
99251.png,6
99258.png,6
99262.png,6
99268.png,6
99290.png,6
99326.png,8
9934.png,4
99347.png,8
99355.png,8
99360.png,8
99373.png,8
99381.png,8
99386.png,8
99388.png,8
99397.png,8
99401.png,8
99408.png,8
99429.png,8
99430.png,9
99432.png,9
99434.png,9
99457.png,9
99458.png,1
99467.png,9
99472.png,9
99480.png,9
99482.png,9
99485.png,9
99487.png,8
99498.png,9
99499.png,9
9950.png,4
99503.png,0
99514.png,0
99522.png,0
99523.png,0
99530.png,0
99536.png,0
9955.png,4
99555.png,0
99559.png,0
99560.png,0
99562.png,0
99567.png,0
99568.png,0
99569.png,0
99573.png,0
99574.png,0
99581.png,0
99588.png,0
99593.png,0
99610.png,0
99625.png,0
99638.png,0
9964.png,5
99640.png,0
99645.png,9
99656.png,9
99658.png,9
99679.png,9
9968.png,5
99683.png,9
99684.png,9
99687.png,9
9969.png,5
99702.png,9
99703.png,9
9971.png,5
9972.png,5
99751.png,9
99752.png,9
99765.png,9
99772.png,9
99774.png,9
99775.png,9
99777.png,9
99782.png,9
99786.png,9
99792.png,9
99794.png,9
99796.png,9
99798.png,9
9980.png,5
99801.png,9
99807.png,9
9981.png,5
99810.png,9
9982.png,5
